-- phpMyAdmin SQL Dump
-- version 4.9.2
-- https://www.phpmyadmin.net/
--
-- Host: 127.0.0.1
-- Waktu pembuatan: 28 Sep 2020 pada 18.34
-- Versi server: 10.4.11-MariaDB
-- Versi PHP: 7.4.1

SET SQL_MODE = "NO_AUTO_VALUE_ON_ZERO";
SET AUTOCOMMIT = 0;
START TRANSACTION;
SET time_zone = "+00:00";


/*!40101 SET @OLD_CHARACTER_SET_CLIENT=@@CHARACTER_SET_CLIENT */;
/*!40101 SET @OLD_CHARACTER_SET_RESULTS=@@CHARACTER_SET_RESULTS */;
/*!40101 SET @OLD_COLLATION_CONNECTION=@@COLLATION_CONNECTION */;
/*!40101 SET NAMES utf8mb4 */;

--
-- Database: `kumon_forecast`
--

-- --------------------------------------------------------

--
-- Struktur dari tabel `failed_jobs`
--

CREATE TABLE `failed_jobs` (
  `id` bigint(20) UNSIGNED NOT NULL,
  `connection` text COLLATE utf8mb4_unicode_ci NOT NULL,
  `queue` text COLLATE utf8mb4_unicode_ci NOT NULL,
  `payload` longtext COLLATE utf8mb4_unicode_ci NOT NULL,
  `exception` longtext COLLATE utf8mb4_unicode_ci NOT NULL,
  `failed_at` timestamp NOT NULL DEFAULT current_timestamp()
) ENGINE=InnoDB DEFAULT CHARSET=utf8mb4 COLLATE=utf8mb4_unicode_ci;

-- --------------------------------------------------------

--
-- Struktur dari tabel `migrations`
--

CREATE TABLE `migrations` (
  `id` int(10) UNSIGNED NOT NULL,
  `migration` varchar(255) COLLATE utf8mb4_unicode_ci NOT NULL,
  `batch` int(11) NOT NULL
) ENGINE=InnoDB DEFAULT CHARSET=utf8mb4 COLLATE=utf8mb4_unicode_ci;

--
-- Dumping data untuk tabel `migrations`
--

INSERT INTO `migrations` (`id`, `migration`, `batch`) VALUES
(6, '2014_10_12_000000_create_users_table', 1),
(7, '2014_10_12_100000_create_password_resets_table', 1),
(8, '2019_08_19_000000_create_failed_jobs_table', 1),
(9, '2020_07_26_114104_create_students_table', 1),
(10, '2020_07_26_114252_create_student_scores_table', 1);

-- --------------------------------------------------------

--
-- Struktur dari tabel `password_resets`
--

CREATE TABLE `password_resets` (
  `email` varchar(255) COLLATE utf8mb4_unicode_ci NOT NULL,
  `token` varchar(255) COLLATE utf8mb4_unicode_ci NOT NULL,
  `created_at` timestamp NULL DEFAULT NULL
) ENGINE=InnoDB DEFAULT CHARSET=utf8mb4 COLLATE=utf8mb4_unicode_ci;

-- --------------------------------------------------------

--
-- Struktur dari tabel `students`
--

CREATE TABLE `students` (
  `id` bigint(20) UNSIGNED NOT NULL,
  `name` varchar(255) COLLATE utf8mb4_unicode_ci NOT NULL,
  `grade` varchar(255) COLLATE utf8mb4_unicode_ci NOT NULL
) ENGINE=InnoDB DEFAULT CHARSET=utf8mb4 COLLATE=utf8mb4_unicode_ci;

--
-- Dumping data untuk tabel `students`
--

INSERT INTO `students` (`id`, `name`, `grade`) VALUES
(3601450383438, 'NOVANI NATASHA BILQIS', 'SD 3'),
(3601450383441, 'RAMADHANI ADINDA FAIZAH', 'SD 4'),
(3601450418624, 'A. M. AZZAM FAHIM', 'SD 3'),
(3601450432368, 'WICAKSANA M. SATYA ANDHIKA', 'SD 5'),
(3601450438870, 'SYAFI`I FASHIHAH ASY', 'SD 3'),
(3601450443498, 'RADITYA AHMAD NAUFAL RANGGA', 'SD 3'),
(3601450461288, 'HANIF MUHAMMAD FAUZI', 'SD 3'),
(3601450464940, 'SETIAWAN CALVIN TANARDHI', 'SD 4'),
(3601450474953, 'ISTIGHFARIN IFANA', 'SD 4'),
(3601450474963, 'LAYMONE JESSIKA MATHILDA', 'SD 4'),
(3601650069880, 'HISYAM FAKHRI AKBAR', 'SD 5'),
(3601650318643, 'REVANDRA DEWA KRISNA', 'SD 3'),
(3601650318650, 'SYAFA AQILA FADILA', 'SD 3'),
(3601650318704, 'A. AVRILIA SABILA PUTRI', 'SD 4'),
(3601650318728, 'EVIANA ANISA ENDAH', 'SD 5'),
(3601650380541, 'FERIALSYAH RIZALDY', 'SD 3'),
(3601650480975, 'KUMORO HANENGGIH BUMI', 'SD 1'),
(3601750011017, 'SUBIYANTORO HARMONI RINDANG KALIS', 'SD 4'),
(3601750407070, 'SALSABILA KHAIRAN', 'SD 4'),
(3601750407148, 'FANSYURI AHMAD FAUZAN', 'SD 5'),
(3601750407216, 'AL FA\'IQ M. ALTHAF', 'SD 1'),
(3601750426354, 'NUGROHO DIANDRA FITRIA', 'SD 2'),
(3601750503642, 'BAJUBER FAIQ RIFAT', 'SD 4'),
(3601850024214, 'ADIKARA AHMAD FAKHRY', 'SD 3'),
(3601850043345, 'IZZAH CECILIA KAYLA', 'SD 6'),
(3601850096099, 'MIFTAKHUL A. NAYAKA', 'SD 4'),
(3601850162848, 'KOSASIH DANISWARA ANDRAS', 'SD 4'),
(3601850281488, 'HADI ARETHA LEO', 'SD 1'),
(3601850426582, 'A. HANA HUMAIRA SYIFA', 'SD 1'),
(3601850600616, 'WIRATAMA MAHVIRA HAFIDZURIZQY', 'TK B'),
(3601850601491, 'AL-BAIHAQI GIOVANNI RAKHA', 'SD 2'),
(3601850671784, 'AZIZI M. FAQIH ANSHARI', 'TK B');

-- --------------------------------------------------------

--
-- Struktur dari tabel `student_scores`
--

CREATE TABLE `student_scores` (
  `id` bigint(20) UNSIGNED NOT NULL,
  `month` int(11) NOT NULL,
  `year` int(11) NOT NULL,
  `score` int(11) NOT NULL,
  `student_id` bigint(20) UNSIGNED NOT NULL
) ENGINE=InnoDB DEFAULT CHARSET=utf8mb4 COLLATE=utf8mb4_unicode_ci;

--
-- Dumping data untuk tabel `student_scores`
--

INSERT INTO `student_scores` (`id`, `month`, `year`, `score`, `student_id`) VALUES
(1, 1, 2019, 310, 3601850671784),
(2, 2, 2019, 270, 3601850671784),
(3, 3, 2019, 310, 3601850671784),
(4, 4, 2019, 300, 3601850671784),
(5, 5, 2019, 300, 3601850671784),
(6, 6, 2019, 280, 3601850671784),
(7, 1, 2019, 300, 3601650318704),
(8, 2, 2019, 280, 3601650318704),
(9, 3, 2019, 270, 3601650318704),
(10, 4, 2019, 280, 3601650318704),
(11, 5, 2019, 290, 3601650318704),
(12, 6, 2019, 240, 3601650318704),
(13, 7, 2019, 310, 3601650318704),
(14, 8, 2019, 310, 3601650318704),
(15, 9, 2019, 300, 3601650318704),
(16, 10, 2019, 300, 3601650318704),
(17, 11, 2019, 260, 3601650318704),
(18, 12, 2019, 270, 3601650318704),
(19, 1, 2019, 310, 3601850426582),
(20, 2, 2019, 280, 3601850426582),
(21, 3, 2019, 300, 3601850426582),
(22, 4, 2019, 270, 3601850426582),
(23, 5, 2019, 290, 3601850426582),
(24, 6, 2019, 250, 3601850426582),
(25, 7, 2019, 270, 3601850426582),
(26, 8, 2019, 310, 3601850426582),
(27, 9, 2019, 300, 3601850426582),
(28, 10, 2019, 300, 3601850426582),
(29, 11, 2019, 300, 3601850426582),
(30, 12, 2019, 270, 3601850426582),
(31, 1, 2019, 230, 3601450418624),
(32, 2, 2019, 190, 3601450418624),
(33, 3, 2019, 240, 3601450418624),
(34, 4, 2019, 180, 3601450418624),
(35, 5, 2019, 220, 3601450418624),
(36, 6, 2019, 100, 3601450418624),
(37, 7, 2019, 180, 3601450418624),
(38, 8, 2019, 140, 3601450418624),
(39, 9, 2019, 130, 3601450418624),
(40, 10, 2019, 150, 3601450418624),
(41, 11, 2019, 140, 3601450418624),
(42, 12, 2019, 130, 3601450418624),
(43, 1, 2019, 230, 3601850024214),
(44, 2, 2019, 270, 3601850024214),
(45, 3, 2019, 250, 3601850024214),
(46, 4, 2019, 240, 3601850024214),
(47, 5, 2019, 290, 3601850024214),
(48, 6, 2019, 230, 3601850024214),
(49, 7, 2019, 230, 3601850024214),
(50, 8, 2019, 240, 3601850024214),
(51, 9, 2019, 260, 3601850024214),
(52, 10, 2019, 310, 3601850024214),
(53, 11, 2019, 350, 3601850024214),
(54, 12, 2019, 300, 3601850024214),
(55, 1, 2019, 290, 3601750407216),
(56, 2, 2019, 270, 3601750407216),
(57, 3, 2019, 310, 3601750407216),
(58, 4, 2019, 300, 3601750407216),
(59, 5, 2019, 310, 3601750407216),
(60, 6, 2019, 240, 3601750407216),
(61, 7, 2019, 310, 3601750407216),
(62, 8, 2019, 300, 3601750407216),
(63, 9, 2019, 300, 3601750407216),
(64, 10, 2019, 300, 3601750407216),
(65, 11, 2019, 290, 3601750407216),
(66, 12, 2019, 310, 3601750407216),
(67, 1, 2019, 350, 3601850601491),
(68, 2, 2019, 350, 3601850601491),
(69, 3, 2019, 310, 3601850601491),
(70, 4, 2019, 300, 3601850601491),
(71, 5, 2019, 300, 3601850601491),
(72, 6, 2019, 200, 3601850601491),
(73, 7, 2019, 310, 3601850601491),
(74, 8, 2019, 310, 3601850601491),
(75, 9, 2019, 300, 3601850601491),
(76, 10, 2019, 310, 3601850601491),
(77, 11, 2019, 300, 3601850601491),
(78, 12, 2019, 310, 3601850601491),
(79, 7, 2019, 240, 3601850671784),
(80, 8, 2019, 310, 3601850671784),
(81, 9, 2019, 300, 3601850671784),
(82, 10, 2019, 300, 3601850671784),
(83, 11, 2019, 370, 3601850671784),
(84, 12, 2019, 270, 3601850671784),
(85, 1, 2019, 350, 3601750503642),
(86, 2, 2019, 240, 3601750503642),
(87, 3, 2019, 230, 3601750503642),
(88, 4, 2019, 160, 3601750503642),
(89, 5, 2019, 250, 3601750503642),
(90, 6, 2019, 150, 3601750503642),
(91, 7, 2019, 190, 3601750503642),
(92, 8, 2019, 210, 3601750503642),
(93, 9, 2019, 260, 3601750503642),
(94, 10, 2019, 250, 3601750503642),
(95, 11, 2019, 230, 3601750503642),
(96, 12, 2019, 260, 3601750503642),
(97, 1, 2019, 300, 3601650318728),
(98, 2, 2019, 280, 3601650318728),
(99, 3, 2019, 200, 3601650318728),
(100, 4, 2019, 130, 3601650318728),
(101, 5, 2019, 160, 3601650318728),
(102, 6, 2019, 150, 3601650318728),
(103, 7, 2019, 130, 3601650318728),
(104, 8, 2019, 170, 3601650318728),
(105, 9, 2019, 120, 3601650318728),
(106, 10, 2019, 140, 3601650318728),
(107, 11, 2019, 140, 3601650318728),
(108, 12, 2019, 110, 3601650318728),
(109, 1, 2019, 260, 3601750407148),
(110, 2, 2019, 270, 3601750407148),
(111, 3, 2019, 290, 3601750407148),
(112, 4, 2019, 300, 3601750407148),
(113, 5, 2019, 300, 3601750407148),
(114, 6, 2019, 270, 3601750407148),
(115, 7, 2019, 310, 3601750407148),
(116, 8, 2019, 300, 3601750407148),
(117, 9, 2019, 240, 3601750407148),
(118, 10, 2019, 290, 3601750407148),
(119, 11, 2019, 190, 3601750407148),
(120, 12, 2019, 100, 3601750407148),
(121, 1, 2019, 210, 3601650380541),
(122, 2, 2019, 260, 3601650380541),
(123, 3, 2019, 210, 3601650380541),
(124, 4, 2019, 280, 3601650380541),
(125, 5, 2019, 290, 3601650380541),
(126, 6, 2019, 200, 3601650380541),
(127, 7, 2019, 200, 3601650380541),
(128, 8, 2019, 270, 3601650380541),
(129, 9, 2019, 270, 3601650380541),
(130, 10, 2019, 210, 3601650380541),
(131, 11, 2019, 240, 3601650380541),
(132, 12, 2019, 200, 3601650380541),
(133, 1, 2019, 310, 3601850281488),
(134, 2, 2019, 270, 3601850281488),
(135, 3, 2019, 310, 3601850281488),
(136, 4, 2019, 300, 3601850281488),
(137, 5, 2019, 310, 3601850281488),
(138, 6, 2019, 300, 3601850281488),
(139, 7, 2019, 310, 3601850281488),
(140, 8, 2019, 310, 3601850281488),
(141, 9, 2019, 300, 3601850281488),
(142, 10, 2019, 310, 3601850281488),
(143, 11, 2019, 300, 3601850281488),
(144, 12, 2019, 310, 3601850281488),
(145, 1, 2019, 300, 3601450461288),
(146, 2, 2019, 280, 3601450461288),
(147, 3, 2019, 270, 3601450461288),
(148, 4, 2019, 260, 3601450461288),
(149, 5, 2019, 280, 3601450461288),
(150, 6, 2019, 260, 3601450461288),
(151, 7, 2019, 280, 3601450461288),
(152, 8, 2019, 260, 3601450461288),
(153, 9, 2019, 230, 3601450461288),
(154, 10, 2019, 290, 3601450461288),
(155, 11, 2019, 280, 3601450461288),
(156, 12, 2019, 290, 3601450461288),
(157, 1, 2019, 260, 3601650069880),
(158, 2, 2019, 270, 3601650069880),
(159, 3, 2019, 310, 3601650069880),
(160, 4, 2019, 270, 3601650069880),
(161, 5, 2019, 290, 3601650069880),
(162, 6, 2019, 270, 3601650069880),
(163, 7, 2019, 300, 3601650069880),
(164, 8, 2019, 310, 3601650069880),
(165, 9, 2019, 270, 3601650069880),
(166, 10, 2019, 260, 3601650069880),
(167, 11, 2019, 140, 3601650069880),
(168, 12, 2019, 280, 3601650069880),
(169, 1, 2019, 210, 3601450474953),
(170, 2, 2019, 210, 3601450474953),
(171, 3, 2019, 290, 3601450474953),
(172, 4, 2019, 290, 3601450474953),
(173, 5, 2019, 250, 3601450474953),
(174, 6, 2019, 270, 3601450474953),
(175, 7, 2019, 310, 3601450474953),
(176, 8, 2019, 310, 3601450474953),
(177, 9, 2019, 300, 3601450474953),
(178, 10, 2019, 230, 3601450474953),
(179, 11, 2019, 280, 3601450474953),
(180, 12, 2019, 260, 3601450474953),
(181, 1, 2019, 240, 3601850043345),
(182, 2, 2019, 220, 3601850043345),
(183, 3, 2019, 220, 3601850043345),
(184, 4, 2019, 290, 3601850043345),
(185, 5, 2019, 200, 3601850043345),
(186, 6, 2019, 230, 3601850043345),
(187, 7, 2019, 290, 3601850043345),
(188, 8, 2019, 290, 3601850043345),
(189, 9, 2019, 250, 3601850043345),
(190, 10, 2019, 200, 3601850043345),
(191, 11, 2019, 240, 3601850043345),
(192, 12, 2019, 290, 3601850043345),
(193, 1, 2019, 270, 3601850162848),
(194, 2, 2019, 230, 3601850162848),
(195, 3, 2019, 260, 3601850162848),
(196, 4, 2019, 250, 3601850162848),
(197, 5, 2019, 210, 3601850162848),
(198, 6, 2019, 230, 3601850162848),
(199, 7, 2019, 290, 3601850162848),
(200, 8, 2019, 260, 3601850162848),
(201, 9, 2019, 280, 3601850162848),
(202, 10, 2019, 280, 3601850162848),
(203, 10, 2019, 290, 3601850162848),
(204, 12, 2019, 230, 3601850162848),
(205, 1, 2019, 280, 3601650480975),
(206, 2, 2019, 240, 3601650480975),
(207, 3, 2019, 280, 3601650480975),
(208, 4, 2019, 290, 3601650480975),
(209, 5, 2019, 210, 3601650480975),
(210, 6, 2019, 250, 3601650480975),
(211, 7, 2019, 260, 3601650480975),
(212, 8, 2019, 210, 3601650480975),
(213, 9, 2019, 280, 3601650480975),
(214, 10, 2019, 230, 3601650480975),
(215, 11, 2019, 200, 3601650480975),
(216, 12, 2019, 280, 3601650480975),
(217, 1, 2019, 110, 3601450474963),
(218, 2, 2019, 130, 3601450474963),
(219, 3, 2019, 40, 3601450474963),
(220, 4, 2019, 70, 3601450474963),
(221, 5, 2019, 120, 3601450474963),
(222, 6, 2019, 150, 3601450474963),
(223, 7, 2019, 70, 3601450474963),
(224, 8, 2019, 200, 3601450474963),
(225, 9, 2019, 160, 3601450474963),
(226, 10, 2019, 150, 3601450474963),
(227, 11, 2019, 80, 3601450474963),
(228, 12, 2019, 100, 3601450474963),
(229, 1, 2019, 220, 3601850096099),
(230, 2, 2019, 240, 3601850096099),
(231, 3, 2019, 230, 3601850096099),
(232, 4, 2019, 220, 3601850096099),
(233, 5, 2019, 230, 3601850096099),
(234, 6, 2019, 250, 3601850096099),
(235, 7, 2019, 290, 3601850096099),
(236, 8, 2019, 280, 3601850096099),
(237, 9, 2019, 230, 3601850096099),
(238, 10, 2019, 270, 3601850096099),
(239, 11, 2019, 200, 3601850096099),
(240, 12, 2019, 190, 3601850096099),
(241, 1, 2019, 250, 3601450383438),
(242, 2, 2019, 180, 3601450383438),
(243, 3, 2019, 260, 3601450383438),
(244, 4, 2019, 260, 3601450383438),
(245, 5, 2019, 240, 3601450383438),
(246, 6, 2019, 250, 3601450383438),
(247, 7, 2019, 300, 3601450383438),
(248, 8, 2019, 260, 3601450383438),
(249, 9, 2019, 250, 3601450383438),
(250, 10, 2019, 200, 3601450383438),
(251, 11, 2019, 280, 3601450383438),
(252, 12, 2019, 270, 3601450383438),
(253, 1, 2019, 310, 3601750426354),
(254, 2, 2019, 280, 3601750426354),
(255, 3, 2019, 180, 3601750426354),
(256, 4, 2019, 300, 3601750426354),
(257, 5, 2019, 310, 3601750426354),
(258, 6, 2019, 260, 3601750426354),
(259, 7, 2019, 310, 3601750426354),
(260, 8, 2019, 310, 3601750426354),
(261, 9, 2019, 300, 3601750426354),
(262, 10, 2019, 230, 3601750426354),
(263, 11, 2019, 170, 3601750426354),
(264, 12, 2019, 200, 3601750426354),
(265, 1, 2019, 130, 3601450443498),
(266, 2, 2019, 130, 3601450443498),
(267, 3, 2019, 160, 3601450443498),
(268, 4, 2019, 170, 3601450443498),
(269, 5, 2019, 150, 3601450443498),
(270, 6, 2019, 100, 3601450443498),
(271, 7, 2019, 70, 3601450443498),
(272, 8, 2019, 90, 3601450443498),
(273, 9, 2019, 150, 3601450443498),
(274, 10, 2019, 110, 3601450443498),
(275, 11, 2019, 90, 3601450443498),
(276, 12, 2019, 140, 3601450443498),
(277, 1, 2019, 120, 3601450383441),
(278, 2, 2019, 110, 3601450383441),
(279, 3, 2019, 140, 3601450383441),
(280, 4, 2019, 110, 3601450383441),
(281, 5, 2019, 160, 3601450383441),
(282, 6, 2019, 130, 3601450383441),
(283, 7, 2019, 110, 3601450383441),
(284, 7, 2019, 130, 3601450383441),
(285, 9, 2019, 80, 3601450383441),
(286, 10, 2019, 80, 3601450383441),
(287, 11, 2019, 70, 3601450383441),
(288, 12, 2019, 80, 3601450383441),
(289, 1, 2019, 280, 3601650318643),
(290, 2, 2019, 260, 3601650318643),
(291, 3, 2019, 210, 3601650318643),
(292, 4, 2019, 290, 3601650318643),
(293, 5, 2019, 270, 3601650318643),
(294, 6, 2019, 250, 3601650318643),
(295, 7, 2019, 200, 3601650318643),
(296, 8, 2019, 310, 3601650318643),
(297, 9, 2019, 280, 3601650318643),
(298, 10, 2019, 280, 3601650318643),
(299, 11, 2019, 300, 3601650318643),
(300, 12, 2019, 280, 3601650318643),
(301, 1, 2019, 310, 3601750407070),
(302, 2, 2019, 280, 3601750407070),
(303, 3, 2019, 200, 3601750407070),
(304, 4, 2019, 300, 3601750407070),
(305, 5, 2019, 310, 3601750407070),
(306, 6, 2019, 270, 3601750407070),
(307, 7, 2019, 300, 3601750407070),
(308, 8, 2019, 310, 3601750407070),
(309, 9, 2019, 300, 3601750407070),
(310, 10, 2019, 290, 3601750407070),
(311, 11, 2019, 180, 3601750407070),
(312, 12, 2019, 180, 3601750407070),
(313, 1, 2019, 180, 3601450464940),
(314, 2, 2019, 130, 3601450464940),
(315, 3, 2019, 130, 3601450464940),
(316, 4, 2019, 280, 3601450464940),
(317, 5, 2019, 130, 3601450464940),
(318, 6, 2019, 150, 3601450464940),
(319, 7, 2019, 110, 3601450464940),
(320, 8, 2019, 140, 3601450464940),
(321, 9, 2019, 120, 3601450464940),
(322, 10, 2019, 160, 3601450464940),
(323, 11, 2019, 110, 3601450464940),
(324, 12, 2019, 110, 3601450464940),
(325, 1, 2019, 280, 3601750011017),
(326, 2, 2019, 200, 3601750011017),
(327, 3, 2019, 270, 3601750011017),
(328, 4, 2019, 300, 3601750011017),
(329, 5, 2019, 310, 3601750011017),
(330, 6, 2019, 290, 3601750011017),
(331, 7, 2019, 290, 3601750011017),
(332, 8, 2019, 290, 3601750011017),
(333, 9, 2019, 280, 3601750011017),
(334, 10, 2019, 280, 3601750011017),
(335, 11, 2019, 240, 3601750011017),
(336, 12, 2019, 270, 3601750011017),
(337, 1, 2019, 290, 3601650318650),
(338, 2, 2019, 270, 3601650318650),
(339, 3, 2019, 310, 3601650318650),
(340, 4, 2019, 290, 3601650318650),
(341, 5, 2019, 300, 3601650318650),
(342, 6, 2019, 250, 3601650318650),
(343, 7, 2019, 250, 3601650318650),
(344, 8, 2019, 280, 3601650318650),
(345, 9, 2019, 300, 3601650318650),
(346, 10, 2019, 280, 3601650318650),
(347, 11, 2019, 260, 3601650318650),
(348, 12, 2019, 280, 3601650318650),
(349, 1, 2019, 150, 3601450438870),
(350, 2, 2019, 140, 3601450438870),
(351, 3, 2019, 180, 3601450438870),
(352, 4, 2019, 150, 3601450438870),
(353, 5, 2019, 180, 3601450438870),
(354, 6, 2019, 130, 3601450438870),
(355, 7, 2019, 100, 3601450438870),
(356, 8, 2019, 100, 3601450438870),
(357, 9, 2019, 70, 3601450438870),
(358, 10, 2019, 60, 3601450438870),
(359, 11, 2019, 70, 3601450438870),
(360, 12, 2019, 60, 3601450438870),
(361, 1, 2019, 150, 3601450432368),
(362, 2, 2019, 90, 3601450432368),
(363, 3, 2019, 180, 3601450432368),
(364, 4, 2019, 80, 3601450432368),
(365, 5, 2019, 90, 3601450432368),
(366, 6, 2019, 90, 3601450432368),
(367, 7, 2019, 50, 3601450432368),
(368, 8, 2019, 150, 3601450432368),
(369, 9, 2019, 60, 3601450432368),
(370, 10, 2019, 90, 3601450432368),
(371, 11, 2019, 80, 3601450432368),
(372, 12, 2019, 110, 3601450432368),
(373, 1, 2019, 300, 3601850600616),
(374, 2, 2019, 240, 3601850600616),
(375, 3, 2019, 210, 3601850600616),
(376, 4, 2019, 210, 3601850600616),
(377, 5, 2019, 150, 3601850600616),
(378, 6, 2019, 150, 3601850600616),
(379, 7, 2019, 210, 3601850600616),
(380, 8, 2019, 290, 3601850600616),
(381, 9, 2019, 150, 3601850600616),
(382, 10, 2019, 230, 3601850600616),
(383, 11, 2019, 290, 3601850600616),
(384, 12, 2019, 250, 3601850600616);

-- --------------------------------------------------------

--
-- Struktur dari tabel `users`
--

CREATE TABLE `users` (
  `id` bigint(20) UNSIGNED NOT NULL,
  `name` varchar(255) COLLATE utf8mb4_unicode_ci NOT NULL,
  `email` varchar(255) COLLATE utf8mb4_unicode_ci NOT NULL,
  `email_verified_at` timestamp NULL DEFAULT NULL,
  `password` varchar(255) COLLATE utf8mb4_unicode_ci NOT NULL,
  `remember_token` varchar(100) COLLATE utf8mb4_unicode_ci DEFAULT NULL,
  `created_at` timestamp NULL DEFAULT NULL,
  `updated_at` timestamp NULL DEFAULT NULL
) ENGINE=InnoDB DEFAULT CHARSET=utf8mb4 COLLATE=utf8mb4_unicode_ci;

--
-- Dumping data untuk tabel `users`
--

INSERT INTO `users` (`id`, `name`, `email`, `email_verified_at`, `password`, `remember_token`, `created_at`, `updated_at`) VALUES
(1, 'Affandy Fahrizain', 'fahri.lafa@gmail.com', NULL, '$2y$10$VsRvEeQq0xRA4bf7l/ueauYC.narz9Xis/w4QBVsiaYQWBnElSc/a', NULL, '2020-09-28 09:19:46', '2020-09-28 09:19:46');

--
-- Indexes for dumped tables
--

--
-- Indeks untuk tabel `failed_jobs`
--
ALTER TABLE `failed_jobs`
  ADD PRIMARY KEY (`id`);

--
-- Indeks untuk tabel `migrations`
--
ALTER TABLE `migrations`
  ADD PRIMARY KEY (`id`);

--
-- Indeks untuk tabel `password_resets`
--
ALTER TABLE `password_resets`
  ADD KEY `password_resets_email_index` (`email`);

--
-- Indeks untuk tabel `students`
--
ALTER TABLE `students`
  ADD PRIMARY KEY (`id`);

--
-- Indeks untuk tabel `student_scores`
--
ALTER TABLE `student_scores`
  ADD PRIMARY KEY (`id`),
  ADD KEY `student_scores_student_id_foreign` (`student_id`);

--
-- Indeks untuk tabel `users`
--
ALTER TABLE `users`
  ADD PRIMARY KEY (`id`),
  ADD UNIQUE KEY `users_email_unique` (`email`);

--
-- AUTO_INCREMENT untuk tabel yang dibuang
--

--
-- AUTO_INCREMENT untuk tabel `failed_jobs`
--
ALTER TABLE `failed_jobs`
  MODIFY `id` bigint(20) UNSIGNED NOT NULL AUTO_INCREMENT;

--
-- AUTO_INCREMENT untuk tabel `migrations`
--
ALTER TABLE `migrations`
  MODIFY `id` int(10) UNSIGNED NOT NULL AUTO_INCREMENT, AUTO_INCREMENT=11;

--
-- AUTO_INCREMENT untuk tabel `student_scores`
--
ALTER TABLE `student_scores`
  MODIFY `id` bigint(20) UNSIGNED NOT NULL AUTO_INCREMENT, AUTO_INCREMENT=385;

--
-- AUTO_INCREMENT untuk tabel `users`
--
ALTER TABLE `users`
  MODIFY `id` bigint(20) UNSIGNED NOT NULL AUTO_INCREMENT, AUTO_INCREMENT=2;

--
-- Ketidakleluasaan untuk tabel pelimpahan (Dumped Tables)
--

--
-- Ketidakleluasaan untuk tabel `student_scores`
--
ALTER TABLE `student_scores`
  ADD CONSTRAINT `student_scores_student_id_foreign` FOREIGN KEY (`student_id`) REFERENCES `students` (`id`);
COMMIT;

/*!40101 SET CHARACTER_SET_CLIENT=@OLD_CHARACTER_SET_CLIENT */;
/*!40101 SET CHARACTER_SET_RESULTS=@OLD_CHARACTER_SET_RESULTS */;
/*!40101 SET COLLATION_CONNECTION=@OLD_COLLATION_CONNECTION */;
